{
  "best_parameters": {
    "colsample_bytree": 0.9109823217156622,
    "learning_rate": 0.09855499660802411,
    "max_depth": 5,
    "min_child_samples": 12,
    "num_iterations": 971,
    "reg_alpha": 0.027472179299006416,
    "reg_lambda": 0.056124342584770115,
    "subsample": 0.9829268747537898
  },
  "best_score": 0.987060226445131
}